account_id,owner_id,institution,state
ACCT_0001,P025,Synthetic Bank,Maharashtra
ACCT_0002,P006,Synthetic Bank,West Bengal
ACCT_0003,P041,Synthetic Bank,West Bengal
ACCT_0004,P048,Synthetic Bank,Chhattisgarh
ACCT_0005,P004,Synthetic Bank,West Bengal
ACCT_0006,P015,Synthetic Bank,Chhattisgarh
ACCT_0007,P026,Synthetic Bank,Maharashtra
ACCT_0008,P024,Synthetic Bank,West Bengal
ACCT_0009,P018,Synthetic Bank,Jharkhand
ACCT_0010,P040,Synthetic Bank,Jharkhand
ACCT_0011,P042,Synthetic Bank,Maharashtra
ACCT_0012,P005,Synthetic Bank,West Bengal
ACCT_0013,P014,Synthetic Bank,Jharkhand
ACCT_0014,P020,Synthetic Bank,Maharashtra
ACCT_0015,P026,Synthetic Bank,Odisha
ACCT_0016,P050,Synthetic Bank,Odisha
ACCT_0017,P054,Synthetic Bank,Maharashtra
ACCT_0018,P056,Synthetic Bank,West Bengal
ACCT_0019,P045,Synthetic Bank,West Bengal
ACCT_0020,P057,Synthetic Bank,Chhattisgarh
ACCT_0021,P037,Synthetic Bank,Odisha
ACCT_0022,P011,Synthetic Bank,West Bengal
ACCT_0023,P049,Synthetic Bank,Jharkhand
ACCT_0024,P017,Synthetic Bank,Chhattisgarh
ACCT_0025,P048,Synthetic Bank,Odisha
ACCT_0026,P044,Synthetic Bank,Chhattisgarh
ACCT_0027,P056,Synthetic Bank,Maharashtra
ACCT_0028,P035,Synthetic Bank,Jharkhand
ACCT_0029,P033,Synthetic Bank,Jharkhand
ACCT_0030,P036,Synthetic Bank,Jharkhand
ACCT_0031,P027,Synthetic Bank,Jharkhand
ACCT_0032,P011,Synthetic Bank,Jharkhand
ACCT_0033,P006,Synthetic Bank,West Bengal
ACCT_0034,P044,Synthetic Bank,Jharkhand
ACCT_0035,P042,Synthetic Bank,Jharkhand
ACCT_0036,P050,Synthetic Bank,Jharkhand
ACCT_0037,P051,Synthetic Bank,Chhattisgarh
ACCT_0038,P013,Synthetic Bank,Odisha
ACCT_0039,P060,Synthetic Bank,Maharashtra
ACCT_0040,P046,Synthetic Bank,Odisha
ACCT_0041,P038,Synthetic Bank,Jharkhand
ACCT_0042,P013,Synthetic Bank,West Bengal
ACCT_0043,P014,Synthetic Bank,Chhattisgarh
ACCT_0044,P049,Synthetic Bank,Maharashtra
ACCT_0045,P060,Synthetic Bank,Jharkhand
ACCT_0046,P042,Synthetic Bank,Chhattisgarh
ACCT_0047,P022,Synthetic Bank,Chhattisgarh
ACCT_0048,P025,Synthetic Bank,Chhattisgarh
ACCT_0049,P036,Synthetic Bank,West Bengal
ACCT_0050,P036,Synthetic Bank,Jharkhand
ACCT_0051,P031,Synthetic Bank,Chhattisgarh
ACCT_0052,P045,Synthetic Bank,Maharashtra
ACCT_0053,P044,Synthetic Bank,Chhattisgarh
ACCT_0054,P044,Synthetic Bank,Chhattisgarh
ACCT_0055,P045,Synthetic Bank,Chhattisgarh
ACCT_0056,P019,Synthetic Bank,Maharashtra
ACCT_0057,P059,Synthetic Bank,Chhattisgarh
ACCT_0058,P044,Synthetic Bank,Jharkhand
ACCT_0059,P009,Synthetic Bank,Maharashtra
ACCT_0060,P028,Synthetic Bank,Odisha
ACCT_0061,P046,Synthetic Bank,Maharashtra
ACCT_0062,P008,Synthetic Bank,West Bengal
ACCT_0063,P052,Synthetic Bank,Odisha
ACCT_0064,P013,Synthetic Bank,West Bengal
ACCT_0065,P057,Synthetic Bank,Chhattisgarh
ACCT_0066,P024,Synthetic Bank,West Bengal
ACCT_0067,P024,Synthetic Bank,Odisha
ACCT_0068,P055,Synthetic Bank,West Bengal
ACCT_0069,P002,Synthetic Bank,Chhattisgarh
ACCT_0070,P032,Synthetic Bank,Chhattisgarh
ACCT_0071,P030,Synthetic Bank,Odisha
ACCT_0072,P045,Synthetic Bank,Maharashtra
ACCT_0073,P014,Synthetic Bank,Maharashtra
ACCT_0074,P011,Synthetic Bank,Maharashtra
ACCT_0075,P005,Synthetic Bank,West Bengal
ACCT_0076,P021,Synthetic Bank,Odisha
ACCT_0077,P060,Synthetic Bank,Chhattisgarh
ACCT_0078,P056,Synthetic Bank,Maharashtra
ACCT_0079,P026,Synthetic Bank,Maharashtra
ACCT_0080,P017,Synthetic Bank,West Bengal
