vehicle_id,registration,vehicle_type,owner_id
VEH_001,JH-00-XX-0001,truck,P054
VEH_002,JH-00-XX-0002,truck,P038
VEH_003,JH-00-XX-0003,car,P047
VEH_004,OD-00-XX-0004,truck,P023
VEH_005,JH-00-XX-0005,truck,P057
VEH_006,CG-00-XX-0006,motorcycle,P044
VEH_007,JH-00-XX-0007,motorcycle,P041
VEH_008,OD-00-XX-0008,SUV,P052
VEH_009,MH-00-XX-0009,car,P043
VEH_010,JH-00-XX-0010,truck,P016
VEH_011,MH-00-XX-0011,motorcycle,P040
VEH_012,WB-00-XX-0012,SUV,P018
VEH_013,JH-00-XX-0013,motorcycle,P055
VEH_014,WB-00-XX-0014,truck,P034
VEH_015,WB-00-XX-0015,truck,P046
VEH_016,CG-00-XX-0016,SUV,P008
VEH_017,WB-00-XX-0017,truck,P032
VEH_018,OD-00-XX-0018,SUV,P018
VEH_019,MH-00-XX-0019,car,P057
VEH_020,MH-00-XX-0020,truck,P037
VEH_021,MH-00-XX-0021,truck,P018
VEH_022,MH-00-XX-0022,truck,P059
VEH_023,OD-00-XX-0023,car,P056
VEH_024,WB-00-XX-0024,motorcycle,P003
VEH_025,OD-00-XX-0025,car,P027
VEH_026,CG-00-XX-0026,car,P045
VEH_027,CG-00-XX-0027,SUV,P049
VEH_028,OD-00-XX-0028,motorcycle,P036
VEH_029,OD-00-XX-0029,motorcycle,P002
VEH_030,CG-00-XX-0030,motorcycle,P045
VEH_031,OD-00-XX-0031,SUV,P033
VEH_032,CG-00-XX-0032,motorcycle,P020
VEH_033,OD-00-XX-0033,motorcycle,P011
VEH_034,OD-00-XX-0034,motorcycle,P059
VEH_035,CG-00-XX-0035,motorcycle,P001
VEH_036,WB-00-XX-0036,SUV,P032
VEH_037,MH-00-XX-0037,truck,P008
VEH_038,WB-00-XX-0038,car,P013
VEH_039,OD-00-XX-0039,SUV,P030
VEH_040,OD-00-XX-0040,car,P005
