case_id,language,text,person_ids,location_id,vehicle_id,organization_id,account_ids
FIR_0001,en,"FIR_0001 is a synthetic demonstration report for organized financial fraud in Nagpur, Maharashtra. Aditya Singh met Person Alpha near Synthetic Transport Hub 4-1. Vehicle JH-00-XX-0003 was reported nearby. The persons were associated with Synthetic Logistics Group 11. A synthetic transfer from ACCT_0070 to ACCT_0073 followed the meeting. This fictional report contains no real personal information.",P009;P001;P040,LOC_0401,VEH_003,ORG_011,ACCT_0070;ACCT_0073
FIR_0002,en,"FIR_0002 is a synthetic demonstration report for organized financial fraud in Nagpur, Maharashtra. Rahul Singh met Sanjay Behera near Synthetic Office 5-3. Vehicle WB-00-XX-0015 was reported nearby. The persons were associated with Synthetic Services Group 3. A synthetic transfer from ACCT_0026 to ACCT_0001 followed the meeting. This fictional report contains no real personal information.",P055;P043;P028;P059,LOC_0503,VEH_015,ORG_003,ACCT_0026;ACCT_0001
FIR_0003,en,"FIR_0003 is a synthetic demonstration report for cyber-enabled fraud in Nagpur, Maharashtra. Sanjay Nayak met Diya Nayak near Synthetic Market 3-3. Vehicle JH-00-XX-0013 was reported nearby. The persons were associated with Synthetic Trading Group 15. A synthetic transfer from ACCT_0054 to ACCT_0006 followed the meeting. This fictional report contains no real personal information.",P059;P022;P013,LOC_0303,VEH_013,ORG_015,ACCT_0054;ACCT_0006
FIR_0004,en,"FIR_0004 is a synthetic demonstration report for organized financial fraud in Khordha, Odisha. Neha Khan met Kavya Sahu near Synthetic Market 5-2. Vehicle CG-00-XX-0035 was reported nearby. The persons were associated with Synthetic Trading Group 4. A synthetic transfer from ACCT_0033 to ACCT_0018 followed the meeting. This fictional report contains no real personal information.",P042;P032;P059;P006;P003,LOC_0502,VEH_035,ORG_004,ACCT_0033;ACCT_0018
FIR_0005,en,"FIR_0005 is a synthetic demonstration report for organized financial fraud in Nagpur, Maharashtra. Diya Khan met Rohan Sahu near Synthetic Transport Hub 5-1. Vehicle MH-00-XX-0022 was reported nearby. The persons were associated with Synthetic Trading Group 4. A synthetic transfer from ACCT_0017 to ACCT_0075 followed the meeting. This fictional report contains no real personal information.",P036;P030,LOC_0501,VEH_022,ORG_004,ACCT_0017;ACCT_0075
FIR_0006,en,"FIR_0006 is a synthetic demonstration report for vehicle theft network in Nagpur, Maharashtra. Nikhil Singh met Kavya Jena near Synthetic Market 5-2. Vehicle WB-00-XX-0024 was reported nearby. The persons were associated with Synthetic Services Group 1. A synthetic transfer from ACCT_0040 to ACCT_0016 followed the meeting. This fictional report contains no real personal information.",P019;P015,LOC_0502,VEH_024,ORG_001,ACCT_0040;ACCT_0016
FIR_0007,en,"FIR_0007 is a synthetic demonstration report for extortion in Nagpur, Maharashtra. Arjun Sahu met Kabir Das near Synthetic Warehouse 4-2. Vehicle JH-00-XX-0005 was reported nearby. The persons were associated with Synthetic Trading Group 4. A synthetic transfer from ACCT_0012 to ACCT_0002 followed the meeting. This fictional report contains no real personal information.",P044;P029;P042;P003,LOC_0402,VEH_005,ORG_004,ACCT_0012;ACCT_0002
FIR_0008,en,"FIR_0008 is a synthetic demonstration report for organized financial fraud in Kolkata, West Bengal. Rohan Sahu met Farhan Sahu near Synthetic Warehouse 4-2. Vehicle OD-00-XX-0031 was reported nearby. The persons were associated with Synthetic Exports Group 12. A synthetic transfer from ACCT_0073 to ACCT_0007 followed the meeting. This fictional report contains no real personal information.",P030;P027;P055;P053;P007,LOC_0402,VEH_031,ORG_012,ACCT_0073;ACCT_0007
FIR_0009,en,"FIR_0009 is a synthetic demonstration report for vehicle theft network in Ranchi, Jharkhand. Neha Khan met Ishaan Das near Synthetic Transport Hub 3-2. Vehicle WB-00-XX-0017 was reported nearby. The persons were associated with Synthetic Exports Group 12. A synthetic transfer from ACCT_0031 to ACCT_0039 followed the meeting. This fictional report contains no real personal information.",P042;P005;P008;P056;P024,LOC_0302,VEH_017,ORG_012,ACCT_0031;ACCT_0039
FIR_0010,en,"FIR_0010 is a synthetic demonstration report for organized financial fraud in Kolkata, West Bengal. Diya Nayak met Kavya Jena near Synthetic Office 5-3. Vehicle WB-00-XX-0012 was reported nearby. The persons were associated with Synthetic Exports Group 8. A synthetic transfer from ACCT_0029 to ACCT_0036 followed the meeting. This fictional report contains no real personal information.",P022;P015,LOC_0503,VEH_012,ORG_008,ACCT_0029;ACCT_0036
FIR_0011,en,"FIR_0011 is a synthetic demonstration report for vehicle theft network in Ranchi, Jharkhand. Ishaan Jena met Aarav Patnaik near Synthetic Transport Hub 3-1. Vehicle MH-00-XX-0011 was reported nearby. The persons were associated with Synthetic Trading Group 14. A synthetic transfer from ACCT_0077 to ACCT_0062 followed the meeting. This fictional report contains no real personal information.",P053;P050;P006;P002;P003,LOC_0301,VEH_011,ORG_014,ACCT_0077;ACCT_0062
FIR_0012,en,"FIR_0012 is a synthetic demonstration report for cyber-enabled fraud in Raipur, Chhattisgarh. Person Alpha met Neha Khan near Synthetic Transport Hub 1-4. Vehicle OD-00-XX-0028 was reported nearby. The persons were associated with Synthetic Trading Group 4. A synthetic transfer from ACCT_0019 to ACCT_0041 followed the meeting. This fictional report contains no real personal information.",P001;P042;P007,LOC_0104,VEH_028,ORG_004,ACCT_0019;ACCT_0041
FIR_0013,en,"FIR_0013 is a synthetic demonstration report for vehicle theft network in Ranchi, Jharkhand. Rahul Patnaik met Nikhil Sahu near Synthetic Warehouse 4-2. Vehicle WB-00-XX-0012 was reported nearby. The persons were associated with Synthetic Exports Group 8. A synthetic transfer from ACCT_0047 to ACCT_0009 followed the meeting. This fictional report contains no real personal information.",P051;P037,LOC_0402,VEH_012,ORG_008,ACCT_0047;ACCT_0009
FIR_0014,en,"FIR_0014 is a synthetic demonstration report for organized financial fraud in Nagpur, Maharashtra. Farhan Sahu met Neha Khan near Synthetic Market 2-2. Vehicle OD-00-XX-0018 was reported nearby. The persons were associated with Synthetic Trading Group 13. A synthetic transfer from ACCT_0051 to ACCT_0021 followed the meeting. This fictional report contains no real personal information.",P027;P042,LOC_0202,VEH_018,ORG_013,ACCT_0051;ACCT_0021
FIR_0015,en,"FIR_0015 is a synthetic demonstration report for illegal trafficking in Kolkata, West Bengal. Aditya Das met Kavya Sahu near Synthetic Office 4-4. Vehicle CG-00-XX-0032 was reported nearby. The persons were associated with Synthetic Logistics Group 10. A synthetic transfer from ACCT_0028 to ACCT_0073 followed the meeting. This fictional report contains no real personal information.",P041;P032,LOC_0404,VEH_032,ORG_010,ACCT_0028;ACCT_0073
FIR_0016,en,"FIR_0016 is a synthetic demonstration report for illegal trafficking in Nagpur, Maharashtra. Nikhil Sharma met Person Alpha near Synthetic Transport Hub 1-4. Vehicle OD-00-XX-0034 was reported nearby. The persons were associated with Synthetic Services Group 3. A synthetic transfer from ACCT_0068 to ACCT_0073 followed the meeting. This fictional report contains no real personal information.",P048;P001,LOC_0104,VEH_034,ORG_003,ACCT_0068;ACCT_0073
FIR_0017,en,"FIR_0017 is a synthetic demonstration report for extortion in Ranchi, Jharkhand. Aditya Behera met Nikhil Mishra near Synthetic Transport Hub 4-1. Vehicle JH-00-XX-0005 was reported nearby. The persons were associated with Synthetic Trading Group 15. A synthetic transfer from ACCT_0068 to ACCT_0009 followed the meeting. This fictional report contains no real personal information.",P020;P017;P047;P021;P035,LOC_0401,VEH_005,ORG_015,ACCT_0068;ACCT_0009
FIR_0018,en,"FIR_0018 is a synthetic demonstration report for extortion in Raipur, Chhattisgarh. Sanjay Khan met Ishaan Das near Synthetic Market 3-3. Vehicle CG-00-XX-0035 was reported nearby. The persons were associated with Synthetic Services Group 5. A synthetic transfer from ACCT_0024 to ACCT_0071 followed the meeting. This fictional report contains no real personal information.",P031;P005,LOC_0303,VEH_035,ORG_005,ACCT_0024;ACCT_0071
FIR_0019,en,"FIR_0019 is a synthetic demonstration report for extortion in Nagpur, Maharashtra. Aditya Singh met Rohan Sharma near Synthetic Transport Hub 3-1. Vehicle JH-00-XX-0007 was reported nearby. The persons were associated with Synthetic Exports Group 12. A synthetic transfer from ACCT_0018 to ACCT_0036 followed the meeting. This fictional report contains no real personal information.",P009;P047,LOC_0301,VEH_007,ORG_012,ACCT_0018;ACCT_0036
FIR_0020,en,"FIR_0020 is a synthetic demonstration report for extortion in Khordha, Odisha. Aditya Das met Ananya Jena near Synthetic Warehouse 4-2. Vehicle JH-00-XX-0002 was reported nearby. The persons were associated with Synthetic Exports Group 12. A synthetic transfer from ACCT_0040 to ACCT_0067 followed the meeting. This fictional report contains no real personal information.",P012;P025;P035;P048,LOC_0402,VEH_002,ORG_012,ACCT_0040;ACCT_0067
FIR_0021,en,"FIR_0021 is a synthetic demonstration report for cyber-enabled fraud in Ranchi, Jharkhand. Rohan Sahu met Person Charlie near Synthetic Transport Hub 3-2. Vehicle MH-00-XX-0011 was reported nearby. The persons were associated with Synthetic Services Group 5. A synthetic transfer from ACCT_0035 to ACCT_0043 followed the meeting. This fictional report contains no real personal information.",P030;P003;P050;P058;P017,LOC_0302,VEH_011,ORG_005,ACCT_0035;ACCT_0043
FIR_0022,en,"FIR_0022 is a synthetic demonstration report for extortion in Kolkata, West Bengal. Aarav Patnaik met Kavya Sharma near Synthetic Market 5-2. Vehicle WB-00-XX-0038 was reported nearby. The persons were associated with Synthetic Exports Group 12. A synthetic transfer from ACCT_0044 to ACCT_0026 followed the meeting. This fictional report contains no real personal information.",P050;P056;P023,LOC_0502,VEH_038,ORG_012,ACCT_0044;ACCT_0026
FIR_0023,en,"FIR_0023 is a synthetic demonstration report for vehicle theft network in Raipur, Chhattisgarh. Ishaan Das met Person Charlie near Synthetic Transport Hub 2-3. Vehicle OD-00-XX-0034 was reported nearby. The persons were associated with Synthetic Logistics Group 10. A synthetic transfer from ACCT_0001 to ACCT_0071 followed the meeting. This fictional report contains no real personal information.",P052;P003,LOC_0203,VEH_034,ORG_010,ACCT_0001;ACCT_0071
FIR_0024,en,"FIR_0024 is a synthetic demonstration report for organized financial fraud in Ranchi, Jharkhand. Nikhil Mishra met Aarav Patnaik near Synthetic Office 4-4. Vehicle OD-00-XX-0025 was reported nearby. The persons were associated with Synthetic Services Group 9. A synthetic transfer from ACCT_0022 to ACCT_0001 followed the meeting. This fictional report contains no real personal information.",P017;P050;P032,LOC_0404,VEH_025,ORG_009,ACCT_0022;ACCT_0001
FIR_0025,en,"FIR_0025 is a synthetic demonstration report for cyber-enabled fraud in Nagpur, Maharashtra. Farhan Sahu met Sanjay Nayak near Synthetic Office 4-4. Vehicle OD-00-XX-0025 was reported nearby. The persons were associated with Synthetic Trading Group 13. A synthetic transfer from ACCT_0059 to ACCT_0016 followed the meeting. This fictional report contains no real personal information.",P027;P059,LOC_0404,VEH_025,ORG_013,ACCT_0059;ACCT_0016
FIR_0026,en,"FIR_0026 is a synthetic demonstration report for cyber-enabled fraud in Khordha, Odisha. Farhan Sahu met Aarav Jena near Synthetic Market 3-4. Vehicle WB-00-XX-0038 was reported nearby. The persons were associated with Synthetic Services Group 9. A synthetic transfer from ACCT_0040 to ACCT_0029 followed the meeting. This fictional report contains no real personal information.",P027;P007;P032,LOC_0304,VEH_038,ORG_009,ACCT_0040;ACCT_0029
FIR_0027,en,"FIR_0027 is a synthetic demonstration report for illegal trafficking in Ranchi, Jharkhand. Aditya Das met Aditya Das near Synthetic Office 5-3. Vehicle OD-00-XX-0031 was reported nearby. The persons were associated with Synthetic Exports Group 8. A synthetic transfer from ACCT_0002 to ACCT_0034 followed the meeting. This fictional report contains no real personal information.",P012;P041,LOC_0503,VEH_031,ORG_008,ACCT_0002;ACCT_0034
FIR_0028,en,"FIR_0028 is a synthetic demonstration report for extortion in Nagpur, Maharashtra. Aditya Das met Nikhil Singh near Synthetic Market 2-2. Vehicle MH-00-XX-0019 was reported nearby. The persons were associated with Synthetic Trading Group 6. A synthetic transfer from ACCT_0030 to ACCT_0077 followed the meeting. This fictional report contains no real personal information.",P012;P019;P009,LOC_0202,VEH_019,ORG_006,ACCT_0030;ACCT_0077
FIR_0029,en,"FIR_0029 is a synthetic demonstration report for organized financial fraud in Khordha, Odisha. Person Alpha met Kavya Jena near Synthetic Office 4-4. Vehicle CG-00-XX-0032 was reported nearby. The persons were associated with Synthetic Logistics Group 10. A synthetic transfer from ACCT_0006 to ACCT_0071 followed the meeting. This fictional report contains no real personal information.",P001;P015;P043;P014;P057,LOC_0404,VEH_032,ORG_010,ACCT_0006;ACCT_0071
FIR_0030,en,"FIR_0030 is a synthetic demonstration report for organized financial fraud in Raipur, Chhattisgarh. Ishaan Jena met Aditya Das near Synthetic Transport Hub 1-4. Vehicle CG-00-XX-0006 was reported nearby. The persons were associated with Synthetic Services Group 9. A synthetic transfer from ACCT_0060 to ACCT_0080 followed the meeting. This fictional report contains no real personal information.",P053;P012,LOC_0104,VEH_006,ORG_009,ACCT_0060;ACCT_0080
