phone_id,owner_id,number_display
PHONE_0001,P001,PHONE_FAKE_0001
PHONE_0002,P002,PHONE_FAKE_0002
PHONE_0003,P003,PHONE_FAKE_0003
PHONE_0004,P004,PHONE_FAKE_0004
PHONE_0005,P005,PHONE_FAKE_0005
PHONE_0006,P006,PHONE_FAKE_0006
PHONE_0007,P053,PHONE_FAKE_0007
PHONE_0008,P051,PHONE_FAKE_0008
PHONE_0009,P031,PHONE_FAKE_0009
PHONE_0010,P059,PHONE_FAKE_0010
PHONE_0011,P020,PHONE_FAKE_0011
PHONE_0012,P033,PHONE_FAKE_0012
PHONE_0013,P028,PHONE_FAKE_0013
PHONE_0014,P053,PHONE_FAKE_0014
PHONE_0015,P040,PHONE_FAKE_0015
PHONE_0016,P015,PHONE_FAKE_0016
PHONE_0017,P049,PHONE_FAKE_0017
PHONE_0018,P052,PHONE_FAKE_0018
PHONE_0019,P030,PHONE_FAKE_0019
PHONE_0020,P041,PHONE_FAKE_0020
PHONE_0021,P056,PHONE_FAKE_0021
PHONE_0022,P052,PHONE_FAKE_0022
PHONE_0023,P019,PHONE_FAKE_0023
PHONE_0024,P040,PHONE_FAKE_0024
PHONE_0025,P013,PHONE_FAKE_0025
PHONE_0026,P058,PHONE_FAKE_0026
PHONE_0027,P008,PHONE_FAKE_0027
PHONE_0028,P023,PHONE_FAKE_0028
PHONE_0029,P008,PHONE_FAKE_0029
PHONE_0030,P046,PHONE_FAKE_0030
PHONE_0031,P021,PHONE_FAKE_0031
PHONE_0032,P037,PHONE_FAKE_0032
PHONE_0033,P021,PHONE_FAKE_0033
PHONE_0034,P043,PHONE_FAKE_0034
PHONE_0035,P003,PHONE_FAKE_0035
PHONE_0036,P059,PHONE_FAKE_0036
PHONE_0037,P041,PHONE_FAKE_0037
PHONE_0038,P034,PHONE_FAKE_0038
PHONE_0039,P044,PHONE_FAKE_0039
PHONE_0040,P054,PHONE_FAKE_0040
PHONE_0041,P033,PHONE_FAKE_0041
PHONE_0042,P008,PHONE_FAKE_0042
PHONE_0043,P060,PHONE_FAKE_0043
PHONE_0044,P047,PHONE_FAKE_0044
PHONE_0045,P019,PHONE_FAKE_0045
PHONE_0046,P020,PHONE_FAKE_0046
PHONE_0047,P027,PHONE_FAKE_0047
PHONE_0048,P012,PHONE_FAKE_0048
PHONE_0049,P012,PHONE_FAKE_0049
PHONE_0050,P043,PHONE_FAKE_0050
PHONE_0051,P028,PHONE_FAKE_0051
PHONE_0052,P051,PHONE_FAKE_0052
PHONE_0053,P017,PHONE_FAKE_0053
PHONE_0054,P012,PHONE_FAKE_0054
PHONE_0055,P033,PHONE_FAKE_0055
PHONE_0056,P016,PHONE_FAKE_0056
PHONE_0057,P043,PHONE_FAKE_0057
PHONE_0058,P046,PHONE_FAKE_0058
PHONE_0059,P009,PHONE_FAKE_0059
PHONE_0060,P046,PHONE_FAKE_0060
PHONE_0061,P051,PHONE_FAKE_0061
PHONE_0062,P040,PHONE_FAKE_0062
PHONE_0063,P004,PHONE_FAKE_0063
PHONE_0064,P018,PHONE_FAKE_0064
PHONE_0065,P028,PHONE_FAKE_0065
PHONE_0066,P025,PHONE_FAKE_0066
PHONE_0067,P057,PHONE_FAKE_0067
PHONE_0068,P012,PHONE_FAKE_0068
PHONE_0069,P019,PHONE_FAKE_0069
PHONE_0070,P003,PHONE_FAKE_0070
PHONE_0071,P022,PHONE_FAKE_0071
PHONE_0072,P042,PHONE_FAKE_0072
PHONE_0073,P056,PHONE_FAKE_0073
PHONE_0074,P037,PHONE_FAKE_0074
PHONE_0075,P008,PHONE_FAKE_0075
PHONE_0076,P047,PHONE_FAKE_0076
PHONE_0077,P043,PHONE_FAKE_0077
PHONE_0078,P003,PHONE_FAKE_0078
PHONE_0079,P039,PHONE_FAKE_0079
PHONE_0080,P011,PHONE_FAKE_0080
PHONE_0081,P005,PHONE_FAKE_0081
PHONE_0082,P039,PHONE_FAKE_0082
PHONE_0083,P054,PHONE_FAKE_0083
PHONE_0084,P018,PHONE_FAKE_0084
PHONE_0085,P016,PHONE_FAKE_0085
PHONE_0086,P047,PHONE_FAKE_0086
PHONE_0087,P043,PHONE_FAKE_0087
PHONE_0088,P046,PHONE_FAKE_0088
PHONE_0089,P038,PHONE_FAKE_0089
PHONE_0090,P059,PHONE_FAKE_0090
PHONE_0091,P035,PHONE_FAKE_0091
PHONE_0092,P010,PHONE_FAKE_0092
PHONE_0093,P032,PHONE_FAKE_0093
PHONE_0094,P025,PHONE_FAKE_0094
PHONE_0095,P020,PHONE_FAKE_0095
PHONE_0096,P038,PHONE_FAKE_0096
PHONE_0097,P007,PHONE_FAKE_0097
PHONE_0098,P030,PHONE_FAKE_0098
PHONE_0099,P028,PHONE_FAKE_0099
PHONE_0100,P055,PHONE_FAKE_0100
